y,Soil Temperature,Bulk EC
1.0,0.6516782698988837,0.7836470131440134
0.6516782698988837,1.0,0.8118262637787823
0.7836470131440134,0.8118262637787823,1.0
