mape,me,mae,mpe,rmse,corr,nse,minmax,acfe
0.24732039493108934,-1.6309410889786373,1.6309777671785912,0.24731305227283853,2.070663679955884,0.9137691839634897,-16.660038517194163,-0.2473203957669563,0.9605470558890573
