mape,me,mae,mpe,rmse,corr,nse,minmax,acfe
0.11457071309995197,-0.7489460876508074,0.7611361567270338,0.1123539563193826,1.0731909303080078,0.9101697722082194,-3.7438014344871444,-0.11457808873070885,0.9652251722273225
