y,Soil Temperature,Bulk EC
1.0,0.6779546904086735,0.7846558661767308
0.6779546904086735,1.0,0.7988227304616293
0.7846558661767308,0.7988227304616293,1.0
