y,Soil Temperature,Bulk EC,Water Content
1.0,0.717847927884949,0.7623448544530798,0.65775122221266
0.717847927884949,1.0,0.6746985299862714,0.6439515176141998
0.7623448544530798,0.6746985299862714,1.0,0.8896031911280115
0.65775122221266,0.6439515176141998,0.8896031911280115,1.0
