mape,me,mae,mpe,rmse,corr,nse,minmax,acfe
0.08365956494852461,0.5297684313424971,0.5297684313424971,-0.08365956494852461,0.5634777110424383,0.9211243004622173,-0.3077538224748422,-0.09243999583028062,0.9267761578478184
