mape,me,mae,mpe,rmse,corr,nse,minmax,acfe
0.11941636069545261,0.7678590061781477,0.7678590061781477,-0.11941636069545261,0.8152438561464174,0.9578327996131977,-1.7374587506192278,-0.13766917006492907,0.9069240280929157
