mape,me,mae,mpe,rmse,corr,nse,minmax,acfe
0.06267709815584165,-0.37626374428584863,0.37626374428584863,0.06267709815584165,0.42768931504771784,0.9519803127855374,0.24659358201556136,-0.06267709815584177,0.9510730215463854
