mape,me,mae,mpe,rmse,corr,minmax,acfe
0.05536904666663224,-0.25937497006833865,0.3639969444357848,0.0375887625286161,0.5259242793062617,0.9213466517787485,-0.055582403005269176,0.9618656548804689
