y,Temperature,Rainfall
1.0,0.5327157343336371,0.014208611287877206
0.5327157343336371,1.0,0.06369384807336773
0.014208611287877206,0.06369384807336773,1.0
