mape,me,mae,mpe,rmse,corr,nse,minmax,acfe
0.036558678654043206,-0.07253514119763031,0.2352568066320853,0.009388273122453526,0.2874732316257192,0.9503958682979929,0.6596174113181349,-0.03700556646610287,0.9726094532783012
