mape,me,mae,mpe,rmse,corr,nse,minmax,acfe
0.134794773,0.875992033,0.875992033,-0.134794773,0.971725483,0.720442848,-2.889194823,-0.161229303,0.93751591