y,Temperature,Rainfall
1.0,0.5347571543512745,0.014493374883064866
0.5347571543512745,1.0,0.09163979963658532
0.014493374883064866,0.09163979963658532,1.0
